Workbook

Sheet README
A1: Loopline model · IBDS Sprint 3 · synthetic teaching data (not a real platform)
A3: Change the weights on the Settings sheet. The Items sheet recalculates c, m, f, n and both scores.
A4: Rules: length_s ≤ 0 → EXCLUDED; blank avg_watch_s → cold start c = 0.50; topics trimmed and lower-cased; ties: higher c, then lower item_id.
A5: Check your hand calculations first; the spreadsheet is a checking tool, not the answer.

Sheet Settings
A1: setting | B1: a (c) | C1: b (m) | D1: d (f) | E1: e (n)
A2: E | B2: 3 | C2: 2 | D2: 1 | E2: 0
A3: D | B3: 3 | C3: 1 | D3: 1 | E3: 2

Sheet User
A1: recent_topics | B1: watched_creators
A2: cooking | B2: K1
A3: football | B3: K2
B4: K3

Sheet Creators
A1: creator_id | B1: handle | C1: home_country | D1: joined_days_ago
A2: K1 | B2: kitchen_kasia | C2: Canada | D2: 900
A3: K2 | B3: bola_bruno | C3: Brazil | D3: 700
A4: K3 | B4: pitchside_priya | C4: United Kingdom | D4: 1200
A5: K4 | B5: lab_wanjiru | C5: Kenya | D5: 21
A6: K5 | B6: tala_tunes | C6: Philippines | D6: 400
A7: K6 | B7: trazo_mateo | C7: Mexico | D7: 9
A8: K7 | B8: orbit_anika | C8: India | D8: 35
A9: K8 | B9: palabra_lucia | C9: Canada | D9: 14

Sheet Items
A1: item_id | B1: creator_id | C1: topic_raw | D1: length_s | E1: avg_watch_s | F1: age_days | G1: topic | H1: c | I1: m | J1: f | K1: n | L1: score_E | M1: score_D
A2: V01 | B2: K1 | C2: cooking | D2: 40 | E2: 32 | F2: 5 | G2: =LOWER(TRIM(C2)) | H2: =IF(D2<=0,"EXCLUDED",IF(E2="",0.5,E2/D2)) | I2: =IF(COUNTIF(User!$A$2:$A$4,G2)>0,1,0) | J2: =IF(F2<=2,1,0) | K2: =IF(COUNTIF(User!$B$2:$B$4,B2)>0,0,1) | L2: =IF(ISNUMBER(H2),Settings!$B$2*H2+Settings!$C$2*I2+Settings!$D$2*J2+Settings!$E$2*K2,"") | M2: =IF(ISNUMBER(H2),Settings!$B$3*H2+Settings!$C$3*I2+Settings!$D$3*J2+Settings!$E$3*K2,"")
A3: V02 | B3: K2 | C3: football | D3: 20 | E3: 18 | F3: 1 | G3: =LOWER(TRIM(C3)) | H3: =IF(D3<=0,"EXCLUDED",IF(E3="",0.5,E3/D3)) | I3: =IF(COUNTIF(User!$A$2:$A$4,G3)>0,1,0) | J3: =IF(F3<=2,1,0) | K3: =IF(COUNTIF(User!$B$2:$B$4,B3)>0,0,1) | L3: =IF(ISNUMBER(H3),Settings!$B$2*H3+Settings!$C$2*I3+Settings!$D$2*J3+Settings!$E$2*K3,"") | M3: =IF(ISNUMBER(H3),Settings!$B$3*H3+Settings!$C$3*I3+Settings!$D$3*J3+Settings!$E$3*K3,"")
A4: V03 | B4: K4 | C4: science | D4: 30 | E4: 21 | F4: 1 | G4: =LOWER(TRIM(C4)) | H4: =IF(D4<=0,"EXCLUDED",IF(E4="",0.5,E4/D4)) | I4: =IF(COUNTIF(User!$A$2:$A$4,G4)>0,1,0) | J4: =IF(F4<=2,1,0) | K4: =IF(COUNTIF(User!$B$2:$B$4,B4)>0,0,1) | L4: =IF(ISNUMBER(H4),Settings!$B$2*H4+Settings!$C$2*I4+Settings!$D$2*J4+Settings!$E$2*K4,"") | M4: =IF(ISNUMBER(H4),Settings!$B$3*H4+Settings!$C$3*I4+Settings!$D$3*J4+Settings!$E$3*K4,"")
A5: V04 | B5: K1 | C5: cooking | D5: 60 | E5: 30 | F5: 3 | G5: =LOWER(TRIM(C5)) | H5: =IF(D5<=0,"EXCLUDED",IF(E5="",0.5,E5/D5)) | I5: =IF(COUNTIF(User!$A$2:$A$4,G5)>0,1,0) | J5: =IF(F5<=2,1,0) | K5: =IF(COUNTIF(User!$B$2:$B$4,B5)>0,0,1) | L5: =IF(ISNUMBER(H5),Settings!$B$2*H5+Settings!$C$2*I5+Settings!$D$2*J5+Settings!$E$2*K5,"") | M5: =IF(ISNUMBER(H5),Settings!$B$3*H5+Settings!$C$3*I5+Settings!$D$3*J5+Settings!$E$3*K5,"")
A6: V05 | B6: K5 | C6: music | D6: 25 | E6: 20 | F6: 6 | G6: =LOWER(TRIM(C6)) | H6: =IF(D6<=0,"EXCLUDED",IF(E6="",0.5,E6/D6)) | I6: =IF(COUNTIF(User!$A$2:$A$4,G6)>0,1,0) | J6: =IF(F6<=2,1,0) | K6: =IF(COUNTIF(User!$B$2:$B$4,B6)>0,0,1) | L6: =IF(ISNUMBER(H6),Settings!$B$2*H6+Settings!$C$2*I6+Settings!$D$2*J6+Settings!$E$2*K6,"") | M6: =IF(ISNUMBER(H6),Settings!$B$3*H6+Settings!$C$3*I6+Settings!$D$3*J6+Settings!$E$3*K6,"")
A7: V06 | B7: K3 | C7: football | D7: 50 | E7: 20 | F7: 2 | G7: =LOWER(TRIM(C7)) | H7: =IF(D7<=0,"EXCLUDED",IF(E7="",0.5,E7/D7)) | I7: =IF(COUNTIF(User!$A$2:$A$4,G7)>0,1,0) | J7: =IF(F7<=2,1,0) | K7: =IF(COUNTIF(User!$B$2:$B$4,B7)>0,0,1) | L7: =IF(ISNUMBER(H7),Settings!$B$2*H7+Settings!$C$2*I7+Settings!$D$2*J7+Settings!$E$2*K7,"") | M7: =IF(ISNUMBER(H7),Settings!$B$3*H7+Settings!$C$3*I7+Settings!$D$3*J7+Settings!$E$3*K7,"")
A8: V07 | B8: K6 | C8: art | D8: 40 | F8: 0 | G8: =LOWER(TRIM(C8)) | H8: =IF(D8<=0,"EXCLUDED",IF(E8="",0.5,E8/D8)) | I8: =IF(COUNTIF(User!$A$2:$A$4,G8)>0,1,0) | J8: =IF(F8<=2,1,0) | K8: =IF(COUNTIF(User!$B$2:$B$4,B8)>0,0,1) | L8: =IF(ISNUMBER(H8),Settings!$B$2*H8+Settings!$C$2*I8+Settings!$D$2*J8+Settings!$E$2*K8,"") | M8: =IF(ISNUMBER(H8),Settings!$B$3*H8+Settings!$C$3*I8+Settings!$D$3*J8+Settings!$E$3*K8,"")
A9: V08 | B9: K7 | C9: science | D9: 20 | E9: 15 | F9: 4 | G9: =LOWER(TRIM(C9)) | H9: =IF(D9<=0,"EXCLUDED",IF(E9="",0.5,E9/D9)) | I9: =IF(COUNTIF(User!$A$2:$A$4,G9)>0,1,0) | J9: =IF(F9<=2,1,0) | K9: =IF(COUNTIF(User!$B$2:$B$4,B9)>0,0,1) | L9: =IF(ISNUMBER(H9),Settings!$B$2*H9+Settings!$C$2*I9+Settings!$D$2*J9+Settings!$E$2*K9,"") | M9: =IF(ISNUMBER(H9),Settings!$B$3*H9+Settings!$C$3*I9+Settings!$D$3*J9+Settings!$E$3*K9,"")
A10: V09 | B10: K2 | C10: Football | D10: 30 | E10: 27 | F10: 8 | G10: =LOWER(TRIM(C10)) | H10: =IF(D10<=0,"EXCLUDED",IF(E10="",0.5,E10/D10)) | I10: =IF(COUNTIF(User!$A$2:$A$4,G10)>0,1,0) | J10: =IF(F10<=2,1,0) | K10: =IF(COUNTIF(User!$B$2:$B$4,B10)>0,0,1) | L10: =IF(ISNUMBER(H10),Settings!$B$2*H10+Settings!$C$2*I10+Settings!$D$2*J10+Settings!$E$2*K10,"") | M10: =IF(ISNUMBER(H10),Settings!$B$3*H10+Settings!$C$3*I10+Settings!$D$3*J10+Settings!$E$3*K10,"")
A11: V10 | B11: K8 | C11: language learning | D11: 45 | E11: 36 | F11: 2 | G11: =LOWER(TRIM(C11)) | H11: =IF(D11<=0,"EXCLUDED",IF(E11="",0.5,E11/D11)) | I11: =IF(COUNTIF(User!$A$2:$A$4,G11)>0,1,0) | J11: =IF(F11<=2,1,0) | K11: =IF(COUNTIF(User!$B$2:$B$4,B11)>0,0,1) | L11: =IF(ISNUMBER(H11),Settings!$B$2*H11+Settings!$C$2*I11+Settings!$D$2*J11+Settings!$E$2*K11,"") | M11: =IF(ISNUMBER(H11),Settings!$B$3*H11+Settings!$C$3*I11+Settings!$D$3*J11+Settings!$E$3*K11,"")
A12: V11 | B12: K5 | C12: music | D12: 0 | E12: 0 | F12: 1 | G12: =LOWER(TRIM(C12)) | H12: =IF(D12<=0,"EXCLUDED",IF(E12="",0.5,E12/D12)) | I12: =IF(COUNTIF(User!$A$2:$A$4,G12)>0,1,0) | J12: =IF(F12<=2,1,0) | K12: =IF(COUNTIF(User!$B$2:$B$4,B12)>0,0,1) | L12: =IF(ISNUMBER(H12),Settings!$B$2*H12+Settings!$C$2*I12+Settings!$D$2*J12+Settings!$E$2*K12,"") | M12: =IF(ISNUMBER(H12),Settings!$B$3*H12+Settings!$C$3*I12+Settings!$D$3*J12+Settings!$E$3*K12,"")
